INSERT INTO PAP_PERMISSION (ID, MODULE, ACTION, DESCRIPTION, BITMASK_VALUE, CREATED_AT) VALUES (15, 'ach-tktg-config', 'view', 'View ach tktg config', 1, systimestamp);
INSERT INTO PAP_PERMISSION (ID, MODULE, ACTION, DESCRIPTION, BITMASK_VALUE, CREATED_AT) VALUES (16, 'ach-tktg-config', 'insert', 'Insert ach tktg config', 2, systimestamp);
INSERT INTO PAP_PERMISSION (ID, MODULE, ACTION, DESCRIPTION, BITMASK_VALUE, CREATED_AT) VALUES (17, 'ach-tktg-config', 'update', 'Update ach tktg config', 4, systimestamp);
INSERT INTO PAP_PERMISSION (ID, MODULE, ACTION, DESCRIPTION, BITMASK_VALUE, CREATED_AT) VALUES (18, 'routing-whitelist', 'view', 'View routing whitelist', 1, systimestamp);
INSERT INTO PAP_PERMISSION (ID, MODULE, ACTION, DESCRIPTION, BITMASK_VALUE, CREATED_AT) VALUES (19, 'routing-whitelist', 'insert', 'View routing whitelist', 2, systimestamp);
INSERT INTO PAP_PERMISSION (ID, MODULE, ACTION, DESCRIPTION, BITMASK_VALUE, CREATED_AT) VALUES (20, 'routing-whitelist', 'update', 'View routing whitelist', 4, systimestamp);
INSERT INTO PAP_PERMISSION (ID, MODULE, ACTION, DESCRIPTION, BITMASK_VALUE, CREATED_AT) VALUES (21, 'routing-whitelist', 'delete', 'View routing whitelist', 8, systimestamp);
INSERT INTO PAP_PERMISSION (ID, MODULE, ACTION, DESCRIPTION, BITMASK_VALUE, CREATED_AT) VALUES (22, 'routing-blacklist', 'view', 'View routing blacklist', 1, systimestamp);
INSERT INTO PAP_PERMISSION (ID, MODULE, ACTION, DESCRIPTION, BITMASK_VALUE, CREATED_AT) VALUES (23, 'routing-blacklist', 'insert', 'Insert routing blacklist', 2, systimestamp);
INSERT INTO PAP_PERMISSION (ID, MODULE, ACTION, DESCRIPTION, BITMASK_VALUE, CREATED_AT) VALUES (24, 'routing-blacklist', 'update', 'Update routing blacklist', 4, systimestamp);
INSERT INTO PAP_PERMISSION (ID, MODULE, ACTION, DESCRIPTION, BITMASK_VALUE, CREATED_AT) VALUES (25, 'routing-blacklist', 'delete', 'Delete routing blacklist', 8, systimestamp);
INSERT INTO PAP_PERMISSION (ID, MODULE, ACTION, DESCRIPTION, BITMASK_VALUE, CREATED_AT) VALUES (26, 'citad-config', 'view', 'View citad-config', 1, systimestamp);
INSERT INTO PAP_PERMISSION (ID, MODULE, ACTION, DESCRIPTION, BITMASK_VALUE, CREATED_AT) VALUES (27, 'citad-config', 'insert', 'Insert citad-config', 2, systimestamp);
INSERT INTO PAP_PERMISSION (ID, MODULE, ACTION, DESCRIPTION, BITMASK_VALUE, CREATED_AT) VALUES (28, 'citad-config', 'update', 'Update citad-config', 4, systimestamp);
INSERT INTO PAP_PERMISSION (ID, MODULE, ACTION, DESCRIPTION, BITMASK_VALUE, CREATED_AT) VALUES (29, 'citad-config', 'delete', 'Delete citad-config', 8, systimestamp);
INSERT INTO PAP_PERMISSION (ID, MODULE, ACTION, DESCRIPTION, BITMASK_VALUE, CREATED_AT) VALUES (30, 'citad-gateway', 'view', 'View citad-gateway', 1, systimestamp);
INSERT INTO PAP_PERMISSION (ID, MODULE, ACTION, DESCRIPTION, BITMASK_VALUE, CREATED_AT) VALUES (31, 'citad-gateway', 'update', 'Update citad-gateway', 4, systimestamp);
INSERT INTO PAP_PERMISSION (ID, MODULE, ACTION, DESCRIPTION, BITMASK_VALUE, CREATED_AT) VALUES (32, 'switching-credit-inter-accounts', 'view', 'View switching-credit-inter-accounts', 1, systimestamp);
INSERT INTO PAP_PERMISSION (ID, MODULE, ACTION, DESCRIPTION, BITMASK_VALUE, CREATED_AT) VALUES (33, 'switching-credit-inter-accounts', 'insert', 'Insert switching-credit-inter-accounts', 2, systimestamp);
INSERT INTO PAP_PERMISSION (ID, MODULE, ACTION, DESCRIPTION, BITMASK_VALUE, CREATED_AT) VALUES (34, 'switching-credit-inter-accounts', 'update', 'Update switching-credit-inter-accounts', 4, systimestamp);
INSERT INTO PAP_PERMISSION (ID, MODULE, ACTION, DESCRIPTION, BITMASK_VALUE, CREATED_AT) VALUES (35, 'switching-credit-inter-accounts', 'delete', 'Delete switching-credit-inter-accounts', 8, systimestamp);
INSERT INTO PAP_PERMISSION (ID, MODULE, ACTION, DESCRIPTION, BITMASK_VALUE, CREATED_AT) VALUES (36, 'alias-account', 'view', 'View Alias account', 1, systimestamp);
INSERT INTO PAP_PERMISSION (ID, MODULE, ACTION, DESCRIPTION, BITMASK_VALUE, CREATED_AT) VALUES (37, 'alias-account', 'insert', 'Insert Alias account', 2, systimestamp);
INSERT INTO PAP_PERMISSION (ID, MODULE, ACTION, DESCRIPTION, BITMASK_VALUE, CREATED_AT) VALUES (38, 'alias-account', 'update', 'Update Alias account', 4, systimestamp);
INSERT INTO PAP_PERMISSION (ID, MODULE, ACTION, DESCRIPTION, BITMASK_VALUE, CREATED_AT) VALUES (39, 'alias-account', 'delete', 'Delete Alias account', 8, systimestamp);
INSERT INTO PAP_PERMISSION (ID, MODULE, ACTION, DESCRIPTION, BITMASK_VALUE, CREATED_AT) VALUES (40, 'routing-bank', 'view', 'View routing bank', 1, systimestamp);
INSERT INTO PAP_PERMISSION (ID, MODULE, ACTION, DESCRIPTION, BITMASK_VALUE, CREATED_AT) VALUES (41, 'error-configs', 'view', 'View error configs', 1, systimestamp);
INSERT INTO PAP_PERMISSION (ID, MODULE, ACTION, DESCRIPTION, BITMASK_VALUE, CREATED_AT) VALUES (42, 'error-configs', 'insert', 'Insert error configs', 2, systimestamp);
INSERT INTO PAP_PERMISSION (ID, MODULE, ACTION, DESCRIPTION, BITMASK_VALUE, CREATED_AT) VALUES (43, 'error-configs', 'update', 'Update error configs', 4, systimestamp);
INSERT INTO PAP_PERMISSION (ID, MODULE, ACTION, DESCRIPTION, BITMASK_VALUE, CREATED_AT) VALUES (44, 'switching-transaction-amount', 'view', 'View transaction amount configs', 1, systimestamp);
INSERT INTO PAP_PERMISSION (ID, MODULE, ACTION, DESCRIPTION, BITMASK_VALUE, CREATED_AT) VALUES (45, 'switching-transaction-amount', 'insert', 'Insert transaction amount configs', 2, systimestamp);
INSERT INTO PAP_PERMISSION (ID, MODULE, ACTION, DESCRIPTION, BITMASK_VALUE, CREATED_AT) VALUES (46, 'switching-transaction-amount', 'update', 'Update transaction amount configs', 4, systimestamp);
INSERT INTO PAP_PERMISSION (ID, MODULE, ACTION, DESCRIPTION, BITMASK_VALUE, CREATED_AT) VALUES (47, 'switching-condition', 'view', 'View switching conditions', 1, systimestamp);
INSERT INTO PAP_PERMISSION (ID, MODULE, ACTION, DESCRIPTION, BITMASK_VALUE, CREATED_AT) VALUES (48, 'switching-condition', 'update', 'Update switching conditions', 4, systimestamp);
INSERT INTO PAP_PERMISSION (ID, MODULE, ACTION, DESCRIPTION, BITMASK_VALUE, CREATED_AT) VALUES (49, 'routing-channel-config', 'view', 'View routing channel configs', 1, systimestamp);
INSERT INTO PAP_PERMISSION (ID, MODULE, ACTION, DESCRIPTION, BITMASK_VALUE, CREATED_AT) VALUES (50, 'routing-channel-config', 'insert', 'Insert routing channel configs', 2, systimestamp);
INSERT INTO PAP_PERMISSION (ID, MODULE, ACTION, DESCRIPTION, BITMASK_VALUE, CREATED_AT) VALUES (51, 'routing-channel-config', 'update', 'Update routing channel configs', 4, systimestamp);

insert into PAP_PERMISSION_CATEGORY (PERMISSION_ID, TYPE, SUB_TYPE, CREATED_AT) values (15, 'ADMIN', null, systimestamp);
insert into PAP_PERMISSION_CATEGORY (PERMISSION_ID, TYPE, SUB_TYPE, CREATED_AT) values (16, 'ADMIN', null, systimestamp);
insert into PAP_PERMISSION_CATEGORY (PERMISSION_ID, TYPE, SUB_TYPE, CREATED_AT) values (17, 'ADMIN', null, systimestamp);
insert into PAP_PERMISSION_CATEGORY (PERMISSION_ID, TYPE, SUB_TYPE, CREATED_AT) values (18, 'ADMIN', null, systimestamp);
insert into PAP_PERMISSION_CATEGORY (PERMISSION_ID, TYPE, SUB_TYPE, CREATED_AT) values (19, 'ADMIN', null, systimestamp);
insert into PAP_PERMISSION_CATEGORY (PERMISSION_ID, TYPE, SUB_TYPE, CREATED_AT) values (20, 'ADMIN', null, systimestamp);
insert into PAP_PERMISSION_CATEGORY (PERMISSION_ID, TYPE, SUB_TYPE, CREATED_AT) values (21, 'ADMIN', null, systimestamp);
insert into PAP_PERMISSION_CATEGORY (PERMISSION_ID, TYPE, SUB_TYPE, CREATED_AT) values (22, 'ADMIN', null, systimestamp);
insert into PAP_PERMISSION_CATEGORY (PERMISSION_ID, TYPE, SUB_TYPE, CREATED_AT) values (23, 'ADMIN', null, systimestamp);
insert into PAP_PERMISSION_CATEGORY (PERMISSION_ID, TYPE, SUB_TYPE, CREATED_AT) values (24, 'ADMIN', null, systimestamp);
insert into PAP_PERMISSION_CATEGORY (PERMISSION_ID, TYPE, SUB_TYPE, CREATED_AT) values (25, 'ADMIN', null, systimestamp);
insert into PAP_PERMISSION_CATEGORY (PERMISSION_ID, TYPE, SUB_TYPE, CREATED_AT) values (26, 'ADMIN', null, systimestamp);
insert into PAP_PERMISSION_CATEGORY (PERMISSION_ID, TYPE, SUB_TYPE, CREATED_AT) values (27, 'ADMIN', null, systimestamp);
insert into PAP_PERMISSION_CATEGORY (PERMISSION_ID, TYPE, SUB_TYPE, CREATED_AT) values (28, 'ADMIN', null, systimestamp);
insert into PAP_PERMISSION_CATEGORY (PERMISSION_ID, TYPE, SUB_TYPE, CREATED_AT) values (29, 'ADMIN', null, systimestamp);
insert into PAP_PERMISSION_CATEGORY (PERMISSION_ID, TYPE, SUB_TYPE, CREATED_AT) values (30, 'ADMIN', null, systimestamp);
insert into PAP_PERMISSION_CATEGORY (PERMISSION_ID, TYPE, SUB_TYPE, CREATED_AT) values (31, 'ADMIN', null, systimestamp);
insert into PAP_PERMISSION_CATEGORY (PERMISSION_ID, TYPE, SUB_TYPE, CREATED_AT) values (32, 'ADMIN', null, systimestamp);
insert into PAP_PERMISSION_CATEGORY (PERMISSION_ID, TYPE, SUB_TYPE, CREATED_AT) values (33, 'ADMIN', null, systimestamp);
insert into PAP_PERMISSION_CATEGORY (PERMISSION_ID, TYPE, SUB_TYPE, CREATED_AT) values (34, 'ADMIN', null, systimestamp);
insert into PAP_PERMISSION_CATEGORY (PERMISSION_ID, TYPE, SUB_TYPE, CREATED_AT) values (35, 'ADMIN', null, systimestamp);
insert into PAP_PERMISSION_CATEGORY (PERMISSION_ID, TYPE, SUB_TYPE, CREATED_AT) values (36, 'ADMIN', null, systimestamp);
insert into PAP_PERMISSION_CATEGORY (PERMISSION_ID, TYPE, SUB_TYPE, CREATED_AT) values (37, 'ADMIN', null, systimestamp);
insert into PAP_PERMISSION_CATEGORY (PERMISSION_ID, TYPE, SUB_TYPE, CREATED_AT) values (38, 'ADMIN', null, systimestamp);
insert into PAP_PERMISSION_CATEGORY (PERMISSION_ID, TYPE, SUB_TYPE, CREATED_AT) values (39, 'ADMIN', null, systimestamp);
insert into PAP_PERMISSION_CATEGORY (PERMISSION_ID, TYPE, SUB_TYPE, CREATED_AT) values (40, 'ADMIN', null, systimestamp);
insert into PAP_PERMISSION_CATEGORY (PERMISSION_ID, TYPE, SUB_TYPE, CREATED_AT) values (41, 'ADMIN', null, systimestamp);
insert into PAP_PERMISSION_CATEGORY (PERMISSION_ID, TYPE, SUB_TYPE, CREATED_AT) values (42, 'ADMIN', null, systimestamp);
insert into PAP_PERMISSION_CATEGORY (PERMISSION_ID, TYPE, SUB_TYPE, CREATED_AT) values (43, 'ADMIN', null, systimestamp);
insert into PAP_PERMISSION_CATEGORY (PERMISSION_ID, TYPE, SUB_TYPE, CREATED_AT) values (44, 'ADMIN', null, systimestamp);
insert into PAP_PERMISSION_CATEGORY (PERMISSION_ID, TYPE, SUB_TYPE, CREATED_AT) values (45, 'ADMIN', null, systimestamp);
insert into PAP_PERMISSION_CATEGORY (PERMISSION_ID, TYPE, SUB_TYPE, CREATED_AT) values (46, 'ADMIN', null, systimestamp);
insert into PAP_PERMISSION_CATEGORY (PERMISSION_ID, TYPE, SUB_TYPE, CREATED_AT) values (47, 'ADMIN', null, systimestamp);
insert into PAP_PERMISSION_CATEGORY (PERMISSION_ID, TYPE, SUB_TYPE, CREATED_AT) values (48, 'ADMIN', null, systimestamp);
insert into PAP_PERMISSION_CATEGORY (PERMISSION_ID, TYPE, SUB_TYPE, CREATED_AT) values (49, 'ADMIN', null, systimestamp);
insert into PAP_PERMISSION_CATEGORY (PERMISSION_ID, TYPE, SUB_TYPE, CREATED_AT) values (50, 'ADMIN', null, systimestamp);
insert into PAP_PERMISSION_CATEGORY (PERMISSION_ID, TYPE, SUB_TYPE, CREATED_AT) values (51, 'ADMIN', null, systimestamp);

insert into PAP_PERMISSION_CATEGORY (PERMISSION_ID, TYPE, SUB_TYPE, CREATED_AT) values (15, 'IT', null, systimestamp);
insert into PAP_PERMISSION_CATEGORY (PERMISSION_ID, TYPE, SUB_TYPE, CREATED_AT) values (16, 'IT', null, systimestamp);
insert into PAP_PERMISSION_CATEGORY (PERMISSION_ID, TYPE, SUB_TYPE, CREATED_AT) values (17, 'IT', null, systimestamp);
insert into PAP_PERMISSION_CATEGORY (PERMISSION_ID, TYPE, SUB_TYPE, CREATED_AT) values (18, 'IT', null, systimestamp);
insert into PAP_PERMISSION_CATEGORY (PERMISSION_ID, TYPE, SUB_TYPE, CREATED_AT) values (19, 'IT', null, systimestamp);
insert into PAP_PERMISSION_CATEGORY (PERMISSION_ID, TYPE, SUB_TYPE, CREATED_AT) values (20, 'IT', null, systimestamp);
insert into PAP_PERMISSION_CATEGORY (PERMISSION_ID, TYPE, SUB_TYPE, CREATED_AT) values (21, 'IT', null, systimestamp);
insert into PAP_PERMISSION_CATEGORY (PERMISSION_ID, TYPE, SUB_TYPE, CREATED_AT) values (22, 'IT', null, systimestamp);
insert into PAP_PERMISSION_CATEGORY (PERMISSION_ID, TYPE, SUB_TYPE, CREATED_AT) values (23, 'IT', null, systimestamp);
insert into PAP_PERMISSION_CATEGORY (PERMISSION_ID, TYPE, SUB_TYPE, CREATED_AT) values (24, 'IT', null, systimestamp);
insert into PAP_PERMISSION_CATEGORY (PERMISSION_ID, TYPE, SUB_TYPE, CREATED_AT) values (25, 'IT', null, systimestamp);
insert into PAP_PERMISSION_CATEGORY (PERMISSION_ID, TYPE, SUB_TYPE, CREATED_AT) values (26, 'IT', null, systimestamp);
insert into PAP_PERMISSION_CATEGORY (PERMISSION_ID, TYPE, SUB_TYPE, CREATED_AT) values (27, 'IT', null, systimestamp);
insert into PAP_PERMISSION_CATEGORY (PERMISSION_ID, TYPE, SUB_TYPE, CREATED_AT) values (28, 'IT', null, systimestamp);
insert into PAP_PERMISSION_CATEGORY (PERMISSION_ID, TYPE, SUB_TYPE, CREATED_AT) values (29, 'IT', null, systimestamp);
insert into PAP_PERMISSION_CATEGORY (PERMISSION_ID, TYPE, SUB_TYPE, CREATED_AT) values (30, 'IT', null, systimestamp);
insert into PAP_PERMISSION_CATEGORY (PERMISSION_ID, TYPE, SUB_TYPE, CREATED_AT) values (31, 'IT', null, systimestamp);
insert into PAP_PERMISSION_CATEGORY (PERMISSION_ID, TYPE, SUB_TYPE, CREATED_AT) values (32, 'IT', null, systimestamp);
insert into PAP_PERMISSION_CATEGORY (PERMISSION_ID, TYPE, SUB_TYPE, CREATED_AT) values (33, 'IT', null, systimestamp);
insert into PAP_PERMISSION_CATEGORY (PERMISSION_ID, TYPE, SUB_TYPE, CREATED_AT) values (34, 'IT', null, systimestamp);
insert into PAP_PERMISSION_CATEGORY (PERMISSION_ID, TYPE, SUB_TYPE, CREATED_AT) values (35, 'IT', null, systimestamp);
insert into PAP_PERMISSION_CATEGORY (PERMISSION_ID, TYPE, SUB_TYPE, CREATED_AT) values (36, 'IT', null, systimestamp);
insert into PAP_PERMISSION_CATEGORY (PERMISSION_ID, TYPE, SUB_TYPE, CREATED_AT) values (37, 'IT', null, systimestamp);
insert into PAP_PERMISSION_CATEGORY (PERMISSION_ID, TYPE, SUB_TYPE, CREATED_AT) values (38, 'IT', null, systimestamp);
insert into PAP_PERMISSION_CATEGORY (PERMISSION_ID, TYPE, SUB_TYPE, CREATED_AT) values (39, 'IT', null, systimestamp);
insert into PAP_PERMISSION_CATEGORY (PERMISSION_ID, TYPE, SUB_TYPE, CREATED_AT) values (40, 'IT', null, systimestamp);
insert into PAP_PERMISSION_CATEGORY (PERMISSION_ID, TYPE, SUB_TYPE, CREATED_AT) values (41, 'IT', null, systimestamp);
insert into PAP_PERMISSION_CATEGORY (PERMISSION_ID, TYPE, SUB_TYPE, CREATED_AT) values (42, 'IT', null, systimestamp);
insert into PAP_PERMISSION_CATEGORY (PERMISSION_ID, TYPE, SUB_TYPE, CREATED_AT) values (43, 'IT', null, systimestamp);
insert into PAP_PERMISSION_CATEGORY (PERMISSION_ID, TYPE, SUB_TYPE, CREATED_AT) values (44, 'IT', null, systimestamp);
insert into PAP_PERMISSION_CATEGORY (PERMISSION_ID, TYPE, SUB_TYPE, CREATED_AT) values (45, 'IT', null, systimestamp);
insert into PAP_PERMISSION_CATEGORY (PERMISSION_ID, TYPE, SUB_TYPE, CREATED_AT) values (46, 'IT', null, systimestamp);
insert into PAP_PERMISSION_CATEGORY (PERMISSION_ID, TYPE, SUB_TYPE, CREATED_AT) values (47, 'IT', null, systimestamp);
insert into PAP_PERMISSION_CATEGORY (PERMISSION_ID, TYPE, SUB_TYPE, CREATED_AT) values (48, 'IT', null, systimestamp);
insert into PAP_PERMISSION_CATEGORY (PERMISSION_ID, TYPE, SUB_TYPE, CREATED_AT) values (49, 'IT', null, systimestamp);
insert into PAP_PERMISSION_CATEGORY (PERMISSION_ID, TYPE, SUB_TYPE, CREATED_AT) values (50, 'IT', null, systimestamp);
insert into PAP_PERMISSION_CATEGORY (PERMISSION_ID, TYPE, SUB_TYPE, CREATED_AT) values (51, 'IT', null, systimestamp);

insert into PAP_PERMISSION_CATEGORY (PERMISSION_ID, TYPE, SUB_TYPE, CREATED_AT) values (15, 'BUSINESS', null, systimestamp);
insert into PAP_PERMISSION_CATEGORY (PERMISSION_ID, TYPE, SUB_TYPE, CREATED_AT) values (18, 'BUSINESS', null, systimestamp);
insert into PAP_PERMISSION_CATEGORY (PERMISSION_ID, TYPE, SUB_TYPE, CREATED_AT) values (22, 'BUSINESS', null, systimestamp);
insert into PAP_PERMISSION_CATEGORY (PERMISSION_ID, TYPE, SUB_TYPE, CREATED_AT) values (26, 'BUSINESS', null, systimestamp);
insert into PAP_PERMISSION_CATEGORY (PERMISSION_ID, TYPE, SUB_TYPE, CREATED_AT) values (30, 'BUSINESS', null, systimestamp);
insert into PAP_PERMISSION_CATEGORY (PERMISSION_ID, TYPE, SUB_TYPE, CREATED_AT) values (32, 'BUSINESS', null, systimestamp);
insert into PAP_PERMISSION_CATEGORY (PERMISSION_ID, TYPE, SUB_TYPE, CREATED_AT) values (36, 'BUSINESS', null, systimestamp);
insert into PAP_PERMISSION_CATEGORY (PERMISSION_ID, TYPE, SUB_TYPE, CREATED_AT) values (40, 'BUSINESS', null, systimestamp);
insert into PAP_PERMISSION_CATEGORY (PERMISSION_ID, TYPE, SUB_TYPE, CREATED_AT) values (41, 'BUSINESS', null, systimestamp);
insert into PAP_PERMISSION_CATEGORY (PERMISSION_ID, TYPE, SUB_TYPE, CREATED_AT) values (44, 'BUSINESS', null, systimestamp);
insert into PAP_PERMISSION_CATEGORY (PERMISSION_ID, TYPE, SUB_TYPE, CREATED_AT) values (47, 'BUSINESS', null, systimestamp);
insert into PAP_PERMISSION_CATEGORY (PERMISSION_ID, TYPE, SUB_TYPE, CREATED_AT) values (49, 'BUSINESS', null, systimestamp);

INSERT INTO PAP_BANK(ID, CODE, SHORT_NAME, FULL_NAME, REASON, ACTIVE, CREATED_BY, CREATED_AT, UPDATED_BY, UPDATED_AT, IBFT_CODE) VALUES (53, '79327001T', 'Timo', 'Timo by BVBank', 'Tạo mới', 1, 'system', systimestamp, 'system', systimestamp, '963388');
INSERT INTO PAP_BANK(ID, CODE, SHORT_NAME, FULL_NAME, REASON, ACTIVE, CREATED_BY, CREATED_AT, UPDATED_BY, UPDATED_AT, IBFT_CODE) VALUES (54, '79654001', 'CitiBank', 'Ngân hàng Citibank Việt Nam', 'Tạo mới', 1, 'system', systimestamp, 'system', systimestamp, '533948');
INSERT INTO PAP_BANK(ID, CODE, SHORT_NAME, FULL_NAME, REASON, ACTIVE, CREATED_BY, CREATED_AT, UPDATED_BY, UPDATED_AT, IBFT_CODE) VALUES (55, '1101100', 'NHNN', 'Ngân hàng Nhà nước Việt Nam', 'Tạo mới', 1, 'system', systimestamp, 'system', systimestamp, null);
INSERT INTO PAP_BANK(ID, CODE, SHORT_NAME, FULL_NAME, REASON, ACTIVE, CREATED_BY, CREATED_AT, UPDATED_BY, UPDATED_AT, IBFT_CODE) VALUES (1, '01323002', 'ABBANK', 'TMCP An Bình', 'Tạo mới', 1, 'system', systimestamp, 'system', systimestamp, '970425');
INSERT INTO PAP_BANK(ID, CODE, SHORT_NAME, FULL_NAME, REASON, ACTIVE, CREATED_BY, CREATED_AT, UPDATED_BY, UPDATED_AT, IBFT_CODE) VALUES (2, '79307001', 'ACB', 'TMCP Á Châu', 'Tạo mới', 1, 'system', systimestamp, 'system', systimestamp, '970416');
INSERT INTO PAP_BANK(ID, CODE, SHORT_NAME, FULL_NAME, REASON, ACTIVE, CREATED_BY, CREATED_AT, UPDATED_BY, UPDATED_AT, IBFT_CODE) VALUES (3, '40313001', 'BAC A BANK', 'TMCP Bắc Á', 'Tạo mới', 1, 'system', systimestamp, 'system', systimestamp, '970409');
INSERT INTO PAP_BANK(ID, CODE, SHORT_NAME, FULL_NAME, REASON, ACTIVE, CREATED_BY, CREATED_AT, UPDATED_BY, UPDATED_AT, IBFT_CODE) VALUES (4, '01202001', 'BIDV', 'TMCP Đầu tư và Phát triển Việt Nam', 'Tạo mới', 1, 'system', systimestamp, 'system', systimestamp, '970418');
INSERT INTO PAP_BANK(ID, CODE, SHORT_NAME, FULL_NAME, REASON, ACTIVE, CREATED_BY, CREATED_AT, UPDATED_BY, UPDATED_AT, IBFT_CODE) VALUES (5, '01359001', 'BAOVIET Bank', 'TMCP Bảo Việt', 'Tạo mới', 1, 'system', systimestamp, 'system', systimestamp, '970438');
INSERT INTO PAP_BANK(ID, CODE, SHORT_NAME, FULL_NAME, REASON, ACTIVE, CREATED_BY, CREATED_AT, UPDATED_BY, UPDATED_AT, IBFT_CODE) VALUES (6, '80339001', 'CBBANK', 'TM TNHH MTV Xây Dựng Việt Nam ', 'Tạo mới', 1, 'system', systimestamp, 'system', systimestamp, '970444');
INSERT INTO PAP_BANK(ID, CODE, SHORT_NAME, FULL_NAME, REASON, ACTIVE, CREATED_BY, CREATED_AT, UPDATED_BY, UPDATED_AT, IBFT_CODE) VALUES (7, '01901001', 'Co-opbank', 'Hợp tác xã Việt Nam', 'Tạo mới', 1, 'system', systimestamp, 'system', systimestamp, '970446');
INSERT INTO PAP_BANK(ID, CODE, SHORT_NAME, FULL_NAME, REASON, ACTIVE, CREATED_BY, CREATED_AT, UPDATED_BY, UPDATED_AT, IBFT_CODE) VALUES (8, '01661001', 'CIMB Bank', 'TNHH MTV CIMB', 'Tạo mới', 1, 'system', systimestamp, 'system', systimestamp, '422589');
INSERT INTO PAP_BANK(ID, CODE, SHORT_NAME, FULL_NAME, REASON, ACTIVE, CREATED_BY, CREATED_AT, UPDATED_BY, UPDATED_AT, IBFT_CODE) VALUES (9, '79650001', 'DBS', 'DBS - chi nhánh Thành phố Hồ Chí Minh', 'Tạo mới', 1, 'system', systimestamp, 'system', systimestamp, '796500');
INSERT INTO PAP_BANK(ID, CODE, SHORT_NAME, FULL_NAME, REASON, ACTIVE, CREATED_BY, CREATED_AT, UPDATED_BY, UPDATED_AT, IBFT_CODE) VALUES (10, '79304001', 'DAB', 'TMCP Đông Á', 'Tạo mới', 1, 'system', systimestamp, 'system', systimestamp, '970406');
INSERT INTO PAP_BANK(ID, CODE, SHORT_NAME, FULL_NAME, REASON, ACTIVE, CREATED_BY, CREATED_AT, UPDATED_BY, UPDATED_AT, IBFT_CODE) VALUES (11, '79305001', 'EIB', 'TMCP Xuất nhập khẩu Việt Nam', 'Tạo mới', 1, 'system', systimestamp, 'system', systimestamp, '970431');
INSERT INTO PAP_BANK(ID, CODE, SHORT_NAME, FULL_NAME, REASON, ACTIVE, CREATED_BY, CREATED_AT, UPDATED_BY, UPDATED_AT, IBFT_CODE) VALUES (12, '01320001', 'GPBANK', 'TM TNHH MTV Dầu Khí Toàn Cầu', 'Tạo mới', 1, 'system', systimestamp, 'system', systimestamp, '970408');
INSERT INTO PAP_BANK(ID, CODE, SHORT_NAME, FULL_NAME, REASON, ACTIVE, CREATED_BY, CREATED_AT, UPDATED_BY, UPDATED_AT, IBFT_CODE) VALUES (13, '79321001', 'HDB', 'TMCP Phát Triển Thành Phố Hồ Chí Minh', 'Tạo mới', 1, 'system', systimestamp, 'system', systimestamp, '970437');
INSERT INTO PAP_BANK(ID, CODE, SHORT_NAME, FULL_NAME, REASON, ACTIVE, CREATED_BY, CREATED_AT, UPDATED_BY, UPDATED_AT, IBFT_CODE) VALUES (14, '79603001', 'HLBVN', 'TNHH MTV Hongleong Việt Nam', 'Tạo mới', 1, 'system', systimestamp, 'system', systimestamp, '970442');
INSERT INTO PAP_BANK(ID, CODE, SHORT_NAME, FULL_NAME, REASON, ACTIVE, CREATED_BY, CREATED_AT, UPDATED_BY, UPDATED_AT, IBFT_CODE) VALUES (15, '79617001', 'HSBC VN', 'TNHH MTV HSBC (Việt Nam)', 'Tạo mới', 1, 'system', systimestamp, 'system', systimestamp, '458761');
INSERT INTO PAP_BANK(ID, CODE, SHORT_NAME, FULL_NAME, REASON, ACTIVE, CREATED_BY, CREATED_AT, UPDATED_BY, UPDATED_AT, IBFT_CODE) VALUES (16, '01652001', 'IBK', 'IBK', 'Tạo mới', 1, 'system', systimestamp, 'system', systimestamp, '970455');
INSERT INTO PAP_BANK(ID, CODE, SHORT_NAME, FULL_NAME, REASON, ACTIVE, CREATED_BY, CREATED_AT, UPDATED_BY, UPDATED_AT, IBFT_CODE) VALUES (17, '01201001', 'VietinBank', 'TMCP Công Thương Việt Nam', 'Tạo mới', 1, 'system', systimestamp, 'system', systimestamp, '970415');
INSERT INTO PAP_BANK(ID, CODE, SHORT_NAME, FULL_NAME, REASON, ACTIVE, CREATED_BY, CREATED_AT, UPDATED_BY, UPDATED_AT, IBFT_CODE) VALUES (18, '79502001', 'IVB', 'TNHH Indovina', 'Tạo mới', 1, 'system', systimestamp, 'system', systimestamp, '970434');
INSERT INTO PAP_BANK(ID, CODE, SHORT_NAME, FULL_NAME, REASON, ACTIVE, CREATED_BY, CREATED_AT, UPDATED_BY, UPDATED_AT, IBFT_CODE) VALUES (19, '01666001', 'KB HN', 'Kookmin - Chi nhánh Hà Nội', 'Tạo mới', 1, 'system', systimestamp, 'system', systimestamp, '970462');
INSERT INTO PAP_BANK(ID, CODE, SHORT_NAME, FULL_NAME, REASON, ACTIVE, CREATED_BY, CREATED_AT, UPDATED_BY, UPDATED_AT, IBFT_CODE) VALUES (20, '91353001', 'KLB', 'TMCP Kiên Long', 'Tạo mới', 1, 'system', systimestamp, 'system', systimestamp, '970452');
INSERT INTO PAP_BANK(ID, CODE, SHORT_NAME, FULL_NAME, REASON, ACTIVE, CREATED_BY, CREATED_AT, UPDATED_BY, UPDATED_AT, IBFT_CODE) VALUES (21, '79669001', 'KBank', 'Đại chúng TNHH Kasikornbank - Chi nhánh TP. HCM', 'Tạo mới', 1, 'system', systimestamp, 'system', systimestamp, '668888');
INSERT INTO PAP_BANK(ID, CODE, SHORT_NAME, FULL_NAME, REASON, ACTIVE, CREATED_BY, CREATED_AT, UPDATED_BY, UPDATED_AT, IBFT_CODE) VALUES (22, '01357001', 'LPBank', 'TMCP Bưu Điện Liên Việt', 'Tạo mới', 1, 'system', systimestamp, 'system', systimestamp, '970449');
INSERT INTO PAP_BANK(ID, CODE, SHORT_NAME, FULL_NAME, REASON, ACTIVE, CREATED_BY, CREATED_AT, UPDATED_BY, UPDATED_AT, IBFT_CODE) VALUES (23, '01311001', 'MB', 'TMCP Quân Đội', 'Tạo mới', 1, 'system', systimestamp, 'system', systimestamp, '970422');
INSERT INTO PAP_BANK(ID, CODE, SHORT_NAME, FULL_NAME, REASON, ACTIVE, CREATED_BY, CREATED_AT, UPDATED_BY, UPDATED_AT, IBFT_CODE) VALUES (24, '01302001', 'MSB', 'TMCP Hàng Hải Việt nam', 'Tạo mới', 1, 'system', systimestamp, 'system', systimestamp, '970426');
INSERT INTO PAP_BANK(ID, CODE, SHORT_NAME, FULL_NAME, REASON, ACTIVE, CREATED_BY, CREATED_AT, UPDATED_BY, UPDATED_AT, IBFT_CODE) VALUES (25, '01306001', 'NAMABANK', 'TMCP Nam Á', 'Tạo mới', 1, 'system', systimestamp, 'system', systimestamp, '970428');
INSERT INTO PAP_BANK(ID, CODE, SHORT_NAME, FULL_NAME, REASON, ACTIVE, CREATED_BY, CREATED_AT, UPDATED_BY, UPDATED_AT, IBFT_CODE) VALUES (26, '01352002', 'NCB', 'TMCP Quốc Dân', 'Tạo mới', 1, 'system', systimestamp, 'system', systimestamp, '970419');
INSERT INTO PAP_BANK(ID, CODE, SHORT_NAME, FULL_NAME, REASON, ACTIVE, CREATED_BY, CREATED_AT, UPDATED_BY, UPDATED_AT, IBFT_CODE) VALUES (27, '01662001', 'Nonghyup', 'NONGHYUP - Chi nhánh Hà Nội', 'Tạo mới', 1, 'system', systimestamp, 'system', systimestamp, '801011');
INSERT INTO PAP_BANK(ID, CODE, SHORT_NAME, FULL_NAME, REASON, ACTIVE, CREATED_BY, CREATED_AT, UPDATED_BY, UPDATED_AT, IBFT_CODE) VALUES (28, '79333001', 'OCB', 'TMCP Phương Đông', 'Tạo mới', 1, 'system', systimestamp, 'system', systimestamp, '970448');
INSERT INTO PAP_BANK(ID, CODE, SHORT_NAME, FULL_NAME, REASON, ACTIVE, CREATED_BY, CREATED_AT, UPDATED_BY, UPDATED_AT, IBFT_CODE) VALUES (29, '01319001', 'Oceanbank', 'TM TNHH MTV Đại Dương', 'Tạo mới', 1, 'system', systimestamp, 'system', systimestamp, '970414');
INSERT INTO PAP_BANK(ID, CODE, SHORT_NAME, FULL_NAME, REASON, ACTIVE, CREATED_BY, CREATED_AT, UPDATED_BY, UPDATED_AT, IBFT_CODE) VALUES (30, '01501001', 'Public Bank Viet Nam', 'TNHH MTV Public Việt Nam', 'Tạo mới', 1, 'system', systimestamp, 'system', systimestamp, '970439');
INSERT INTO PAP_BANK(ID, CODE, SHORT_NAME, FULL_NAME, REASON, ACTIVE, CREATED_BY, CREATED_AT, UPDATED_BY, UPDATED_AT, IBFT_CODE) VALUES (31, '01341001', 'PG BANK', 'TMCP Xăng Dầu Petrolimex', 'Tạo mới', 1, 'system', systimestamp, 'system', systimestamp, '970430');
INSERT INTO PAP_BANK(ID, CODE, SHORT_NAME, FULL_NAME, REASON, ACTIVE, CREATED_BY, CREATED_AT, UPDATED_BY, UPDATED_AT, IBFT_CODE) VALUES (32, '01360002', 'PVCOMBANK', 'TMCP Đại Chúng Việt Nam', 'Tạo mới', 1, 'system', systimestamp, 'system', systimestamp, '970412');
INSERT INTO PAP_BANK(ID, CODE, SHORT_NAME, FULL_NAME, REASON, ACTIVE, CREATED_BY, CREATED_AT, UPDATED_BY, UPDATED_AT, IBFT_CODE) VALUES (33, '79334001', 'SCB', 'TMCP Sài Gòn', 'Tạo mới', 1, 'system', systimestamp, 'system', systimestamp, '970429');
INSERT INTO PAP_BANK(ID, CODE, SHORT_NAME, FULL_NAME, REASON, ACTIVE, CREATED_BY, CREATED_AT, UPDATED_BY, UPDATED_AT, IBFT_CODE) VALUES (34, '01604002', 'SCBVN', 'TNHH MTV Standard Chartered Việt Nam', 'Tạo mới', 1, 'system', systimestamp, 'system', systimestamp, '970410');
INSERT INTO PAP_BANK(ID, CODE, SHORT_NAME, FULL_NAME, REASON, ACTIVE, CREATED_BY, CREATED_AT, UPDATED_BY, UPDATED_AT, IBFT_CODE) VALUES (35, '01317001', 'SeABank', 'TMCP Đông Nam Á', 'Tạo mới', 1, 'system', systimestamp, 'system', systimestamp, '970440');
INSERT INTO PAP_BANK(ID, CODE, SHORT_NAME, FULL_NAME, REASON, ACTIVE, CREATED_BY, CREATED_AT, UPDATED_BY, UPDATED_AT, IBFT_CODE) VALUES (36, '79308001', 'SAIGONBANK', 'TMCP Sài Gòn Công Thương', 'Tạo mới', 1, 'system', systimestamp, 'system', systimestamp, '970400');
INSERT INTO PAP_BANK(ID, CODE, SHORT_NAME, FULL_NAME, REASON, ACTIVE, CREATED_BY, CREATED_AT, UPDATED_BY, UPDATED_AT, IBFT_CODE) VALUES (37, '01348002', 'SHB', 'TMCP Sài Gòn Hà Nội', 'Tạo mới', 1, 'system', systimestamp, 'system', systimestamp, '970443');
INSERT INTO PAP_BANK(ID, CODE, SHORT_NAME, FULL_NAME, REASON, ACTIVE, CREATED_BY, CREATED_AT, UPDATED_BY, UPDATED_AT, IBFT_CODE) VALUES (38, '79303001', 'SACOMBANK', 'TMCP Sài Gòn Thương Tín', 'Tạo mới', 1, 'system', systimestamp, 'system', systimestamp, '970403');
INSERT INTO PAP_BANK(ID, CODE, SHORT_NAME, FULL_NAME, REASON, ACTIVE, CREATED_BY, CREATED_AT, UPDATED_BY, UPDATED_AT, IBFT_CODE) VALUES (39, '79616001', 'SHINHAN VN', 'TNHH MTV Shinhan Việt Nam', 'Tạo mới', 1, 'system', systimestamp, 'system', systimestamp, '970424');
INSERT INTO PAP_BANK(ID, CODE, SHORT_NAME, FULL_NAME, REASON, ACTIVE, CREATED_BY, CREATED_AT, UPDATED_BY, UPDATED_AT, IBFT_CODE) VALUES (40, '01310001', 'Techcombank', 'TMCP Kỹ thương Việt Nam', 'Tạo mới', 1, 'system', systimestamp, 'system', systimestamp, '970407');
INSERT INTO PAP_BANK(ID, CODE, SHORT_NAME, FULL_NAME, REASON, ACTIVE, CREATED_BY, CREATED_AT, UPDATED_BY, UPDATED_AT, IBFT_CODE) VALUES (41, '01358001', 'TPBank', 'TMCP Tiên Phong', 'Tạo mới', 1, 'system', systimestamp, 'system', systimestamp, '970423');
INSERT INTO PAP_BANK(ID, CODE, SHORT_NAME, FULL_NAME, REASON, ACTIVE, CREATED_BY, CREATED_AT, UPDATED_BY, UPDATED_AT, IBFT_CODE) VALUES (42, '79665001', 'UOB', 'TNHH MTV United Overseas', 'Tạo mới', 1, 'system', systimestamp, 'system', systimestamp, '970458');
INSERT INTO PAP_BANK(ID, CODE, SHORT_NAME, FULL_NAME, REASON, ACTIVE, CREATED_BY, CREATED_AT, UPDATED_BY, UPDATED_AT, IBFT_CODE) VALUES (43, '01355002', 'VietABank', 'TMCP Việt Á ', 'Tạo mới', 1, 'system', systimestamp, 'system', systimestamp, '970427');
INSERT INTO PAP_BANK(ID, CODE, SHORT_NAME, FULL_NAME, REASON, ACTIVE, CREATED_BY, CREATED_AT, UPDATED_BY, UPDATED_AT, IBFT_CODE) VALUES (44, '01204001', 'Agribank', 'Nông nghiệp và Phát triển Nông thôn Việt Nam', 'Tạo mới', 1, 'system', systimestamp, 'system', systimestamp, '970405');
INSERT INTO PAP_BANK(ID, CODE, SHORT_NAME, FULL_NAME, REASON, ACTIVE, CREATED_BY, CREATED_AT, UPDATED_BY, UPDATED_AT, IBFT_CODE) VALUES (45, '01203001', 'Vietcombank', 'TMCP Ngoại Thương Việt Nam', 'Tạo mới', 1, 'system', systimestamp, 'system', systimestamp, '970436');
INSERT INTO PAP_BANK(ID, CODE, SHORT_NAME, FULL_NAME, REASON, ACTIVE, CREATED_BY, CREATED_AT, UPDATED_BY, UPDATED_AT, IBFT_CODE) VALUES (46, '79327001', 'BVBank', 'TMCP Bản Việt', 'Tạo mới', 1, 'system', systimestamp, 'system', systimestamp, '970454');
INSERT INTO PAP_BANK(ID, CODE, SHORT_NAME, FULL_NAME, REASON, ACTIVE, CREATED_BY, CREATED_AT, UPDATED_BY, UPDATED_AT, IBFT_CODE) VALUES (47, '79314013', 'VIB', 'TMCP Quốc tế Việt Nam', 'Tạo mới', 1, 'system', systimestamp, 'system', systimestamp, '970441');
INSERT INTO PAP_BANK(ID, CODE, SHORT_NAME, FULL_NAME, REASON, ACTIVE, CREATED_BY, CREATED_AT, UPDATED_BY, UPDATED_AT, IBFT_CODE) VALUES (48, '79356001', 'VIETBANK', 'TMCP Việt Nam Thương Tín', 'Tạo mới', 1, 'system', systimestamp, 'system', systimestamp, '970433');
INSERT INTO PAP_BANK(ID, CODE, SHORT_NAME, FULL_NAME, REASON, ACTIVE, CREATED_BY, CREATED_AT, UPDATED_BY, UPDATED_AT, IBFT_CODE) VALUES (49, '01309001', 'VPBank', 'TMCP Việt Nam Thịnh Vượng', 'Tạo mới', 1, 'system', systimestamp, 'system', systimestamp, '970432');
INSERT INTO PAP_BANK(ID, CODE, SHORT_NAME, FULL_NAME, REASON, ACTIVE, CREATED_BY, CREATED_AT, UPDATED_BY, UPDATED_AT, IBFT_CODE) VALUES (50, '01505001', 'VRB', 'Liên doanh Việt - Nga', 'Tạo mới', 1, 'system', systimestamp, 'system', systimestamp, '970421');
INSERT INTO PAP_BANK(ID, CODE, SHORT_NAME, FULL_NAME, REASON, ACTIVE, CREATED_BY, CREATED_AT, UPDATED_BY, UPDATED_AT, IBFT_CODE) VALUES (51, '01663001', 'Wooribank', 'TNHH MTV Woori Việt Nam', 'Tạo mới', 1, 'system', systimestamp, 'system', systimestamp, '970457');
INSERT INTO PAP_BANK(ID, CODE, SHORT_NAME, FULL_NAME, REASON, ACTIVE, CREATED_BY, CREATED_AT, UPDATED_BY, UPDATED_AT, IBFT_CODE) VALUES (52, '79612001', 'BANGKOK BANK', 'BANGKOK BANK TP HCM', 'Tạo mới', 1, 'system', systimestamp, 'system', systimestamp, null);
